TITOLI;001;001;001;OBBLIGAZIONI;OBBL.ITALIA;OBBL.ORDINARIE;BND;AMM;OBBLIGAZIONI;ALTOBB;ALTRE OBBLIGAZIONI
TITOLI;001;001;002;OBBLIGAZIONI;OBBL.ITALIA;OBBL.CONVERTIBILI;BND;AMM;OBBLIGAZIONI;ALTOBB;ALTRE OBBLIGAZIONI
TITOLI;001;001;003;OBBLIGAZIONI;OBBL.ITALIA;OBBL.CUM.WARRANT;BND;AMM;OBBLIGAZIONI;ALTOBB;ALTRE OBBLIGAZIONI
TITOLI;001;001;004;OBBLIGAZIONI;OBBL.ITALIA;OBBL.CONV. E WARRANT;BND;AMM;OBBLIGAZIONI;ALTOBB;ALTRE OBBLIGAZIONI
TITOLI;001;001;005;OBBLIGAZIONI;OBBL.ITALIA;AGRAR./FOND./EDIL.;BND;AMM;OBBLIGAZIONI;ALTOBB;ALTRE OBBLIGAZIONI
TITOLI;001;001;006;OBBLIGAZIONI;OBBL.ITALIA;CARTELLE GODIMENTO;BND;AMM;OBBLIGAZIONI;ALTOBB;ALTRE OBBLIGAZIONI
TITOLI;001;001;007;OBBLIGAZIONI;OBBL.ITALIA;ZERO COUPON;BND;AMM;OBBLIGAZIONI;ALTOBB;ALTRE OBBLIGAZIONI
TITOLI;001;001;008;OBBLIGAZIONI;OBBL.ITALIA;MANTELLO STRIPPATO;BND;AMM;OBBLIGAZIONI;ALTOBB;ALTRE OBBLIGAZIONI
TITOLI;001;001;009;OBBLIGAZIONI;OBBL.ITALIA;CEDOLE STRIPPATE;BND;AMM;OBBLIGAZIONI;ALTOBB;ALTRE OBBLIGAZIONI
TITOLI;001;001;010;OBBLIGAZIONI;OBBL.ITALIA;CAMBIALI FINANZIARIE;BND;AMM;OBBLIGAZIONI;ALTOBB;ALTRE OBBLIGAZIONI
TITOLI;001;001;011;0BBLIGAZIONI;OBBL.ITALIA;ACC. BANCARIE;BND;AMM;OBBLIGAZIONI;ALTOBB;ALTRE OBBLIGAZIONI
TITOLI;001;001;012;OBBLIGAZIONI;OBBL.ITALIA;COMM. PAPERS;BND;AMM;OBBLIGAZIONI;ALTOBB;ALTRE OBBLIGAZIONI
TITOLI;001;001;017;OBBLIGAZIONI;OBBL.ITALIA;ZERO COUPON CONVERT.;BND;AMM;OBBLIGAZIONI;ALTOBB;ALTRE OBBLIGAZIONI
TITOLI;001;001;022;OBBLIGAZIONI;OBBL.ITALIA;ENTI PUBB. ORDINARIE;BND;AMM;OBBLIGAZIONI;ALTOBB;ALTRE OBBLIGAZIONI
TITOLI;001;001;023;OBBLIGAZIONI;OBBL.ITALIA;ENTI PUBBLICI ZERO C;BND;AMM;OBBLIGAZIONI;ALTOBB;ALTRE OBBLIGAZIONI
TITOLI;001;001;024;OBBLIGAZIONI;OBBL.ITALIA;RNT.PUBB.MANT.STRIPP;BND;AMM;OBBLIGAZIONI;ALTOBB;ALTRE OBBLIGAZIONI
TITOLI;001;001;025;OBBLIGAZIONI;OBBL.ITALIA;ENT.PUBB.CED.STRIPP.;BND;AMM;OBBLIGAZIONI;ALTOBB;ALTRE OBBLIGAZIONI
TITOLI;001;001;031;OBBLIGAZIONI;OBBL.ITA FISC.ESTERO;ORDINARIE;BND;AMM;OBBLIGAZIONI;ALTOBB;ALTRE OBBLIGAZIONI
TITOLI;001;001;032;OBBLIGAZIONI;OBBL.ITA FISC.ESTERO;CONVERTIBILI;BND;AMM;OBBLIGAZIONI;ALTOBB;ALTRE OBBLIGAZIONI
TITOLI;001;001;033;OBBLIGAZIONI;OBBL.ITA FISC.ESTERO;CUM WARRANT;BND;AMM;OBBLIGAZIONI;ALTOBB;ALTRE OBBLIGAZIONI
TITOLI;001;001;034;OBBLIGAZIONI;OBBL.ITA FISC.ESTERO;OBBL.CONV. E WARRANT;BND;AMM;OBBLIGAZIONI;ALTOBB;ALTRE OBBLIGAZIONI
TITOLI;001;001;037;OBBLIGAZIONI;OBBL.ITA FISC.ESTERO;ZERO COUPON;BND;AMM;OBBLIGAZIONI;ALTOBB;ALTRE OBBLIGAZIONI
TITOLI;001;001;038;OBBLIGAZIONI;OBBL.ITA FISC.ESTERO;MANTELLO STRIPPATO;BND;AMM;OBBLIGAZIONI;ALTOBB;ALTRE OBBLIGAZIONI
TITOLI;001;001;039;OBBLIGAZIONI;OBBL.ITA FISC.ESTERO;CEDOLA STRIPPATA;BND;AMM;OBBLIGAZIONI;ALTOBB;ALTRE OBBLIGAZIONI
TITOLI;001;001;052;OBBLIGAZIONI;OBBL.ITA FISC.ESTERO;ENT PUBB. ORDINARIE;BND;AMM;OBBLIGAZIONI;ALTOBB;ALTRE OBBLIGAZIONI
TITOLI;001;001;053;OBBLIGAZIONI;OBBL.ITA FISC.ESTERO;ENT.PUBB.ZERO COUPON;BND;AMM;OBBLIGAZIONI;ALTOBB;ALTRE OBBLIGAZIONI
TITOLI;001;001;054;OBBLIGAZIONI;OBBL.ITA FISC.ESTERO;ENT.PUBB.MANT.STRIPP;BND;AMM;OBBLIGAZIONI;ALTOBB;ALTRE OBBLIGAZIONI
TITOLI;001;001;055;OBBLIGAZIONI;OBBL.ITA FISC.ESTERO;ENT.PUBB. CED STRIPP;BND;AMM;OBBLIGAZIONI;ALTOBB;ALTRE OBBLIGAZIONI
TITOLI;001;002;001;OBBLIGAZIONI;OBBL.DOMEST. ESTERO;OBBL.ORDINARIE;BND;AMM;OBBLIGAZIONI;ALTOBB;ALTRE OBBLIGAZIONI
TITOLI;001;002;002;OBBLIGAZIONI;OBBL.DOMEST. ESTERO;OBBL.CONVERTIBILI;BND;AMM;OBBLIGAZIONI;ALTOBB;ALTRE OBBLIGAZIONI
TITOLI;001;002;003;OBBLIGAZIONI;OBBL.DOMEST. ESTERO;OBBL. CUM. WARRANT;BND;AMM;OBBLIGAZIONI;ALTOBB;ALTRE OBBLIGAZIONI
TITOLI;001;002;004;OBBLIGAZIONI;OBBL.DOMEST. ESTERO;OBBL.CONV. E WARRANT;BND;AMM;OBBLIGAZIONI;ALTOBB;ALTRE OBBLIGAZIONI
TITOLI;001;002;005;OBBLIGAZIONI;OBBL.DOMEST. ESTERO;TITL.DI STATO ESTERI;BND;AMM;OBBLIGAZIONI;ALTOBB;ALTRE OBBLIGAZIONI
TITOLI;001;002;006;OBBLIGAZIONI;OBBL.DOMEST. ESTERO;ZERO COUPON;BND;AMM;OBBLIGAZIONI;ALTOBB;ALTRE OBBLIGAZIONI
TITOLI;001;002;007;OBBLIGAZIONI;OBBL.DOMEST. ESTERO;MANTELLO STRIPPATO;BND;AMM;OBBLIGAZIONI;ALTOBB;ALTRE OBBLIGAZIONI
TITOLI;001;002;008;OBBLIGAZIONI;OBBL.DOMEST. ESTERO;CEDOLE STRIPPATE;BND;AMM;OBBLIGAZIONI;ALTOBB;ALTRE OBBLIGAZIONI
TITOLI;001;002;009;OBBLIGAZIONI;OBBL.DOMEST. ESTERO;ZERO COUPON CONVERTI;BND;AMM;OBBLIGAZIONI;ALTOBB;ALTRE OBBLIGAZIONI
TITOLI;001;002;010;OBBLIGAZIONI;OBBL.DOMEST.ESTERO;CAMB.FINANZIARIE;BND;AMM;OBBLIGAZIONI;ALTOBB;ALTRE OBBLIGAZIONI
TITOLI;001;002;011;OBBLIGAZIONI;OBBL.ESTERE EMIS.ITA;OBBL. ORDINARIE;BND;AMM;OBBLIGAZIONI;ALTOBB;ALTRE OBBLIGAZIONI
TITOLI;001;002;012;OBBLIGAZIONI;OBBL.ESTERE EMIS.ITA;OBBL.CONVERTIBILI;BND;AMM;OBBLIGAZIONI;ALTOBB;ALTRE OBBLIGAZIONI
TITOLI;001;002;013;OBBLIGAZIONI;OBBL.ESTERE EMIS.ITA;OBBL. CUM WARRANT;BND;AMM;OBBLIGAZIONI;ALTOBB;ALTRE OBBLIGAZIONI
TITOLI;001;002;014;OBBLIGAZIONI;OBBL.ESTERE EMIS.ITA;OBBL.CONV. E WARRANT;BND;AMM;OBBLIGAZIONI;ALTOBB;ALTRE OBBLIGAZIONI
TITOLI;001;002;015;OBBLIGAZIONI;OBBL.ESTERE EMIS.ITA;TITOLI DI STATO;BND;AMM;OBBLIGAZIONI;ALTOBB;ALTRE OBBLIGAZIONI
TITOLI;001;002;016;OBBLIGAZIONI;OBBL.ESTERE EMIS.ITA;ZERO COUPON;BND;AMM;OBBLIGAZIONI;ALTOBB;ALTRE OBBLIGAZIONI
TITOLI;001;002;017;OBBLIGAZIONI;OBBL.ESTERE EMIS.ITA;MANTELLO STRIPPATO;BND;AMM;OBBLIGAZIONI;ALTOBB;ALTRE OBBLIGAZIONI
TITOLI;001;002;018;OBBLIGAZIONI;OBBL.ESTERE EMIS.ITA;CEDOLE STRIPPATE;BND;AMM;OBBLIGAZIONI;ALTOBB;ALTRE OBBLIGAZIONI
TITOLI;001;002;020;OBBLIGAZIONI;ITALILA DIVISA;CAMBIALI FINANZIARIE;BND;AMM;OBBLIGAZIONI;ALTOBB;ALTRE OBBLIGAZIONI
TITOLI;001;002;021;OBBLIGAZIONI;ITALILA DIVISA;ACCETT. BANCARIE;BND;AMM;OBBLIGAZIONI;ALTOBB;ALTRE OBBLIGAZIONI
TITOLI;001;002;022;OBBLIGAZIONI;ITALILA DIVISA;COMM.PAPERS;BND;AMM;OBBLIGAZIONI;ALTOBB;ALTRE OBBLIGAZIONI
TITOLI;001;002;031;OBBLIGAZIONI;ITALILA DIVISA;ORDINARIE;BND;AMM;OBBLIGAZIONI;ALTOBB;ALTRE OBBLIGAZIONI
TITOLI;001;002;032;OBBLIGAZIONI;ITALILA DIVISA;CONVERTIBILI;BND;AMM;OBBLIGAZIONI;ALTOBB;ALTRE OBBLIGAZIONI
TITOLI;001;002;033;OBBLIGAZIONI;ITALILA DIVISA;CUM.WARRANT;BND;AMM;OBBLIGAZIONI;ALTOBB;ALTRE OBBLIGAZIONI
TITOLI;001;002;034;OBBLIGAZIONI;ITALILA DIVISA;OBB.CONV E WARRANT;BND;AMM;OBBLIGAZIONI;ALTOBB;ALTRE OBBLIGAZIONI
TITOLI;001;002;037;OBBLIGAZIONI;ITALILA DIVISA;ZERO COUPON;BND;AMM;OBBLIGAZIONI;ALTOBB;ALTRE OBBLIGAZIONI
TITOLI;001;002;038;OBBLIGAZIONI;ITALILA DIVISA;MANTELLO STRIPPATO;BND;AMM;OBBLIGAZIONI;ALTOBB;ALTRE OBBLIGAZIONI
TITOLI;001;002;039;OBBLIGAZIONI;ITALILA DIVISA;CEDOLE STRIPPATE;BND;AMM;OBBLIGAZIONI;ALTOBB;ALTRE OBBLIGAZIONI
TITOLI;001;003;001;OBBLIGAZIONI;OBBL.EUROMERCATO;OBBL.ORDINARIE;BND;AMM;OBBLIGAZIONI;ALTOBB;ALTRE OBBLIGAZIONI
TITOLI;001;003;002;OBBLIGAZIONI;OBBL.EUROMERCATO;OBBL.CONVERTIBILI;BND;AMM;OBBLIGAZIONI;ALTOBB;ALTRE OBBLIGAZIONI
TITOLI;001;003;003;OBBLIGAZIONI;OBBL.EUROMERCATO;OBBL.CUM. WARRANT;BND;AMM;OBBLIGAZIONI;ALTOBB;ALTRE OBBLIGAZIONI
TITOLI;001;003;004;OBBLIGAZIONI;OBBL.EUROMERCATO;OBBL.CONV. E WARRANT;BND;AMM;OBBLIGAZIONI;ALTOBB;ALTRE OBBLIGAZIONI
TITOLI;001;003;005;OBBLIGAZIONI;OBBL.EUROMERCATO;ZERO COUPON;BND;AMM;OBBLIGAZIONI;ALTOBB;ALTRE OBBLIGAZIONI
TITOLI;001;003;006;OBBLIGAZIONI;OBBL.EUROMERCATO;MANTELLO STRIPPATO;BND;AMM;OBBLIGAZIONI;ALTOBB;ALTRE OBBLIGAZIONI
TITOLI;001;003;007;OBBLIGAZIONI;OBBL.EUROMERCATO;CEDOLE STRIPPATE;BND;AMM;OBBLIGAZIONI;ALTOBB;ALTRE OBBLIGAZIONI
TITOLI;001;003;010;OBBLIG. SOVRANAZION.;OBBL.EUROMERCATO;CAMB.FINANZIARIE;BND;AMM;OBBLIGAZIONI;ALTOBB;ALTRE OBBLIGAZIONI
TITOLI;001;003;011;OBBLIGAZIONI;EUROBBL.EMESSE IN IT;OBBL.ORDINARIE;BND;AMM;OBBLIGAZIONI;ALTOBB;ALTRE OBBLIGAZIONI
TITOLI;001;003;012;OBBLIGAZIONI;EUROBBL.EMESSE IN IT;OBBL. CONVERTIBILI;BND;AMM;OBBLIGAZIONI;ALTOBB;ALTRE OBBLIGAZIONI
TITOLI;001;003;013;OBBLIGAZIONI;EUROBBL.EMESSE IN IT;OBBL. CUM. WARRANT;BND;AMM;OBBLIGAZIONI;ALTOBB;ALTRE OBBLIGAZIONI
TITOLI;001;003;014;OBBLIGAZIONI;EUROBBL.EMESSE IN IT;OBBL. CONV. E WARR.;BND;AMM;OBBLIGAZIONI;ALTOBB;ALTRE OBBLIGAZIONI
TITOLI;001;003;015;OBBLIGAZIONI;EUROBBL.EMESSE IN IT;ZERO COUPON;BND;AMM;OBBLIGAZIONI;ALTOBB;ALTRE OBBLIGAZIONI
TITOLI;001;003;016;OBBLIGAZIONI;EUROBBL.EMESSE IN IT;MANTELLO STRIPPATO;BND;AMM;OBBLIGAZIONI;ALTOBB;ALTRE OBBLIGAZIONI
TITOLI;001;003;017;OBBLIGAZIONI;EUROBBL.EMESSE IN TI;CEDOLE STRIPPATE;BND;AMM;OBBLIGAZIONI;ALTOBB;ALTRE OBBLIGAZIONI
TITOLI;001;003;020;OBBLIG. SOVRANAZION.;EUROBBL.EMISS.ITALIA;CAMB.FINANZIARIE;BND;AMM;OBBLIGAZIONI;ALTOBB;ALTRE OBBLIGAZIONI
TITOLI;001;003;021;OBBLIG. SOVRANAZION.;EUROBBL.EMISS.ITALIA;ACCET. BANCARIE;BND;AMM;OBBLIGAZIONI;ALTOBB;ALTRE OBBLIGAZIONI
TITOLI;001;003;022;OBBLIG. SOVRANAZION.;EUROBBL.EMISS.ITALIA;COMM.PAPERS;BND;AMM;OBBLIGAZIONI;ALTOBB;ALTRE OBBLIGAZIONI
TITOLI;001;003;051;OBBLIG. SOVRANAZION.;OBBL.EUROMERCATO;ACCET.BANC;BND;AMM;OBBLIGAZIONI;ALTOBB;ALTRE OBBLIGAZIONI
TITOLI;001;003;052;OBBLIG. SOVRANAZION.;OBBL.EUROMERCATO;COMM.PAPERS;BND;AMM;OBBLIGAZIONI;ALTOBB;ALTRE OBBLIGAZIONI
TITOLI;001;004;001;OBBLIGAZIONI;CERT.DEP ITALIA;AL PORTATORE NS.IST.;CD;AMM;CERTIFICATI DEPOSITO;;
TITOLI;001;004;002;OBBLIGAZIONI;CERT.DEP.ITALIA;NOMINATIVI NS.ISTIT.;CD;AMM;CERTIFICATI DEPOSITO;;
TITOLI;001;004;003;OBBLIGAZIONI;CERT.DEP.ITALIA;BANCARI CEDOLE;CD;AMM;CERTIFICATI DEPOSITO;;
TITOLI;001;004;004;OBBLIGAZIONI;CERT.DEP.ITALIA;BANCARI ZERO COUPON;CD;AMM;CERTIFICATI DEPOSITO;;
TITOLI;001;004;005;OBBLIGAZIONI;CERT.DEP.ITALIA;NON BANCARI;CD;AMM;CERTIFICATI DEPOSITO;;
TITOLI;001;004;006;OBBLIGAZIONI;CERT.DEP.ITALIA;NON BANC.ZERO COUPON;CD;AMM;CERTIFICATI DEPOSITO;;
TITOLI;001;004;007;OBBLIGAZIONI;CERT.DEP.ITALIA;INTERBANCARI;CD;AMM;CERTIFICATI DEPOSITO;;
TITOLI;001;004;008;OBBLIGAZIONI;CERT.DEP.ITALIA;PORT.RE NS.IST.ZCOUP;CD;AMM;CERTIFICATI DEPOSITO;;
TITOLI;001;004;009;OBBLIGAZIONI;CERT.DEP.ITALIA;NOMIN.NS.IST.ZCOUPON;CD;AMM;CERTIFICATI DEPOSITO;;
TITOLI;001;004;010;OBBLIGAZIONI;CERT.DEP.ITALIA;INTERBANCARI ZCOUPON;CD;AMM;CERTIFICATI DEPOSITO;;
TITOLI;001;005;001;OBBLIGAZIONI;TITOLI DI STATO ITA;B.O.T.;BND;AMM;OBBLIGAZIONI;BOT;BOT
TITOLI;001;005;002;OBBLIGAZIONI;TITOLI DI STATO ITA;LIBERO;BND;AMM;OBBLIGAZIONI;ALTOBBGOV;ALTRI TITOLI DI STATO
TITOLI;001;005;003;OBBLIGAZIONI;TITOLI DI STATO ITA;B.T.P.;BND;AMM;OBBLIGAZIONI;ALTOBBGOV;ALTRI TITOLI DI STATO
TITOLI;001;005;004;OBBLIGAZIONI;TITOLI DI STATO ITA;C.C.T. ORDINARI;BND;AMM;OBBLIGAZIONI;ALTOBBGOV;ALTRI TITOLI DI STATO
TITOLI;001;005;005;OBBLIGAZIONI;TITOLI DI STATO ITA;CCT TASSO VARIABILE;BND;AMM;OBBLIGAZIONI;ALTOBBGOV;ALTRI TITOLI DI STATO
TITOLI;001;005;006;OBBLIGAZIONI;TITOLI DI STATO ITA;LIBERO;BND;AMM;OBBLIGAZIONI;ALTOBBGOV;ALTRI TITOLI DI STATO
TITOLI;001;005;007;OBBLIGAZIONI;TITOLI DI STATO ITA;C.T.R.;BND;AMM;OBBLIGAZIONI;ALTOBBGOV;ALTRI TITOLI DI STATO
TITOLI;001;005;008;OBBLIGAZIONI;TITOLI DI STATO ITA;C.T.S.;BND;AMM;OBBLIGAZIONI;ALTOBBGOV;ALTRI TITOLI DI STATO
TITOLI;001;005;009;OBBLIGAZIONI;TITOLI DI STATO ITA;C.T.O.;BND;AMM;OBBLIGAZIONI;ALTOBBGOV;ALTRI TITOLI DI STATO
TITOLI;001;005;010;OBBLIGAZIONI;TITOLI DI STATO ITA;C.C.T. ENTI MUTUAL.;BND;AMM;OBBLIGAZIONI;ALTOBBGOV;ALTRI TITOLI DI STATO
TITOLI;001;005;011;OBBLIGAZIONI;TITOLI DI STATO ITA;CARTELLE CASSA DD.PP;BND;AMM;OBBLIGAZIONI;ALTOBBGOV;ALTRI TITOLI DI STATO
TITOLI;001;005;012;OBBLIGAZIONI;TITOLI DI STATO ITA;ALTRI DI STATO;BND;AMM;OBBLIGAZIONI;ALTOBBGOV;ALTRI TITOLI DI STATO
TITOLI;001;005;013;OBBLIGAZIONI;TITOLI DI STATO ITA;ZERO COUPON;BND;AMM;OBBLIGAZIONI;ALTOBBGOV;ALTRI TITOLI DI STATO
TITOLI;001;005;014;OBBLIGAZIONI;TITOLI DI STATO ITA;MANTELLO STRIPPATO;BND;AMM;OBBLIGAZIONI;ALTOBBGOV;ALTRI TITOLI DI STATO
TITOLI;001;005;015;OBBLIGAZIONI;TITOLI DI STATO ITA;CEDOLE STRIPPATE;BND;AMM;OBBLIGAZIONI;ALTOBBGOV;ALTRI TITOLI DI STATO
TITOLI;001;005;016;OBBLIGAZIONI;TITOLI DI STATO ITA;BOC CON CEDOLA;BND;AMM;OBBLIGAZIONI;;
TITOLI;001;006;001;OBBLIGAZIONI;CERT.DI DEPOSITO EST;AL PORTATORE NS.IST.;CD;AMM;CERTIFICATI DEPOSITO;;
TITOLI;001;006;002;OBBLIGAZIONI;CERT.DI DEPOSITO EST;NOMINATIVI NS.ISTIT.;CD;AMM;CERTIFICATI DEPOSITO;;
TITOLI;001;006;003;OBBLIGAZIONI;CERT.DI DEPOSITO EST;BANCARI CEDOLE;CD;AMM;CERTIFICATI DEPOSITO;;
TITOLI;001;006;004;OBBLIGAZIONI;CERT.DI DEPOSITO EST;BANCARI ZERO COUPON;CD;AMM;CERTIFICATI DEPOSITO;;
TITOLI;001;006;005;OBBLIGAZIONI;CERT.DI DEPOSITO EST;NON BANCARI;CD;AMM;CERTIFICATI DEPOSITO;;
TITOLI;001;006;006;OBBLIGAZIONI;CERT.DI DEPOSITO EST;NON BANC.ZERO COUPON;CD;AMM;CERTIFICATI DEPOSITO;;
TITOLI;001;006;007;OBBLIGAZIONI;CERT.DI DEPOSITO EST;INTERBANCARI;CD;AMM;CERTIFICATI DEPOSITO;;
TITOLI;001;006;008;OBBLIGAZIONI;CERT.DEP.ESTERO;PORT.RE NS.IST.ZCOUP;CD;AMM;CERTIFICATI DEPOSITO;;
TITOLI;001;006;009;OBBLIGAZIONI;CERT.DEP.ESTERO;NOMIN.NS.IST.ZCOUPON;CD;AMM;CERTIFICATI DEPOSITO;;
TITOLI;001;006;010;OBBLIGAZIONI;CERT.DEP.ESTERO;INTERBANCARI ZCOUPON;CD;AMM;CERTIFICATI DEPOSITO;;
TITOLI;001;006;020;OBBLIGAZIONI;CERT.DEP.ESTERI;AL PORTATORE NS.IST;CD;AMM;CERTIFICATI DEPOSITO;;
TITOLI;001;006;021;OBBLIGAZIONI;CERT.DEP.ESTERI;NOMINATIVI NS. IST.;CD;AMM;CERTIFICATI DEPOSITO;;
TITOLI;001;007;001;OBBLIGAZIONI;BUONI FRUTTIFERI;BUONI FRUTT.POSTALI;BND;AMM;BUONI FRUTTIFERI;;
TITOLI;001;007;002;OBBLIGAZIONI;BUONI FRUTTIFERI;BUONI FRUTT.BANCARI;BND;AMM;BUONI FRUTTIFERI;;
TITOLI;001;007;003;OBBLIGAZIONI;BUONI FRUTTIFERI;BANCARI ZERO COUPON;BND;AMM;BUONI FRUTTIFERI;;
TITOLI;001;007;004;OBBLIGAZIONI;BUONI FRUTTIFERI;POSTAQLI ZERO COUP;BND;AMM;BUONI FRUTTIFERI;;
TITOLI;001;008;002;OBBLIGAZIONI;TIT.STATO ITALIA V.E;B.T.E.;BND;AMM;OBBLIGAZIONI;ALTOBBGOV;ALTRI TITOLI DI STATO
TITOLI;001;008;006;OBBLIGAZIONI;TIT.STATO ITALIA V.E;C.T.E.;BND;AMM;OBBLIGAZIONI;ALTOBBGOV;ALTRI TITOLI DI STATO
TITOLI;001;008;012;OBBLIGAZIONI;TIT.STATO ITALIA V.E;ALTRI DI STATO;BND;AMM;OBBLIGAZIONI;ALTOBBGOV;ALTRI TITOLI DI STATO
TITOLI;001;008;013;OBBLIGAZIONI;TIT.STATO ITALIA V.E;ZERO COUPON;BND;AMM;OBBLIGAZIONI;ALTOBBGOV;ALTRI TITOLI DI STATO
TITOLI;001;008;014;OBBLIGAZIONI;TIT.STATO ITALIA V.E;MANTELLO STRIPPATO;BND;AMM;OBBLIGAZIONI;ALTOBBGOV;ALTRI TITOLI DI STATO
TITOLI;001;008;015;OBBLIGAZIONI;TIT.STATO ITALIA V.E;CEDOLE STRIPPATE;BND;AMM;OBBLIGAZIONI;ALTOBBGOV;ALTRI TITOLI DI STATO
TITOLI;001;008;022;OBBLIGAZIONI;TITOLI DI STATO;ALTRI (REG.FIS.EST);BND;AMM;OBBLIGAZIONI;ALTOBBGOV;ALTRI TITOLI DI STATO
TITOLI;001;008;023;OBBLIGAZIONI;TIT.DI STATO ITALIA;ZERO COUP.  FISC EST;BND;AMM;OBBLIGAZIONI;ALTOBBGOV;ALTRI TITOLI DI STATO
TITOLI;001;008;024;OBBLIGAZIONI;TIT.DI STATO ITALIA;MANT STRIP. FISC EST;BND;AMM;OBBLIGAZIONI;ALTOBBGOV;ALTRI TITOLI DI STATO
TITOLI;001;008;025;OBBLIGAZIONI;TIT.DI STATO ITALIA;CED.STRIPP  FISC.EST;BND;AMM;OBBLIGAZIONI;ALTOBBGOV;ALTRI TITOLI DI STATO
TITOLI;001;008;032;OBBLIGAZIONI;TIT DI STATO EMIEST;ALTRI STA (FISC EST);BND;AMM;OBBLIGAZIONI;ALTOBBGOV;ALTRI TITOLI DI STATO
TITOLI;002;001;001;AZIONI E DIRITTI;AZIONI ITALIANE;ORDINARIE;EQY;AMM;AZIONI;AZIASSIM;TITOLI AZIONARI E ASSIMILATI
TITOLI;002;001;002;AZIONI E DIRITTI;AZIONI ITALIANE;PRIVILEGIATE;EQY;AMM;AZIONI;AZIASSIM;TITOLI AZIONARI E ASSIMILATI
TITOLI;002;001;003;AZIONI E DIRITTI;AZIONI ITALIANE;PREFERENZIALI;EQY;AMM;AZIONI;AZIASSIM;TITOLI AZIONARI E ASSIMILATI
TITOLI;002;001;004;AZIONI E DIRITTI;AZIONI ITALIANE;DI RISPARMIO;EQY;AMM;AZIONI;AZIASSIM;TITOLI AZIONARI E ASSIMILATI
TITOLI;002;001;005;AZIONI E DIRITTI;AZIONI ITALIANE;QUOTE SOCIALI;EQY;AMM;AZIONI;AZIASSIM;TITOLI AZIONARI E ASSIMILATI
TITOLI;002;001;006;AZIONI E DIRITTI;AZIONI ITALIANE;PARTI SOCIALI ORDIN.;EQY;AMM;AZIONI;AZIASSIM;TITOLI AZIONARI E ASSIMILATI
TITOLI;002;001;007;AZIONI E DIRITTI;AZIONI ITALIANE;PARTI SOC.DI RISPAR.;EQY;AMM;AZIONI;AZIASSIM;TITOLI AZIONARI E ASSIMILATI
TITOLI;002;001;008;AZIONI E DIRITTI;AZIONI ITALIANE;COOPERTIVE E POPOLAR;EQY;AMM;AZIONI;AZIASSIM;TITOLI AZIONARI E ASSIMILATI
TITOLI;002;002;001;AZIONI E DIRITTI;AZIONI ESTERE;ORDINARIE;EQY;AMM;AZIONI;AZIASSIM;TITOLI AZIONARI E ASSIMILATI
TITOLI;002;002;002;AZIONI E DIRITTI;AZIONI ESTERE;ORDN.A VOTO MULTIPL.;EQY;AMM;AZIONI;AZIASSIM;TITOLI AZIONARI E ASSIMILATI
TITOLI;002;002;003;AZIONI E DIRITTI;AZIONI ESTERE;PRIVILEGIATE;EQY;AMM;AZIONI;AZIASSIM;TITOLI AZIONARI E ASSIMILATI
TITOLI;002;002;004;AZIONI E DIRITTI;AZIONI ESTERE;PREFERENZIALI;EQY;AMM;AZIONI;AZIASSIM;TITOLI AZIONARI E ASSIMILATI
TITOLI;002;002;005;AZIONI E DIRITTI;AZIONI ESTERE;DI RISPARMIO;EQY;AMM;AZIONI;AZIASSIM;TITOLI AZIONARI E ASSIMILATI
TITOLI;002;003;001;AZIONI E DIRITTI;DIRITTI ITALIA;ASSEGNAZ.AZIONI ORD.;EQY;AMM;AZIONI;AZIASSIM;TITOLI AZIONARI E ASSIMILATI
TITOLI;002;003;002;AZIONI E DIRITTI;DIRITTI ITALIA;SOTTOSCR.AZIONI ORD.;EQY;AMM;AZIONI;AZIASSIM;TITOLI AZIONARI E ASSIMILATI
TITOLI;002;003;003;AZIONI E DIRITTI;DIRITTI ITALIA;ASSEGNAZ.AZIONI PRIV;EQY;AMM;AZIONI;AZIASSIM;TITOLI AZIONARI E ASSIMILATI
TITOLI;002;003;004;AZIONI E DIRITTI;DIRITTI ITALIA;SOTTOSCR.AZIONI PRIV;EQY;AMM;AZIONI;AZIASSIM;TITOLI AZIONARI E ASSIMILATI
TITOLI;002;003;005;AZIONI E DIRITTI;DIRITTI ITALIA;ASSEGNAZ.AZIONI PREF;EQY;AMM;AZIONI;AZIASSIM;TITOLI AZIONARI E ASSIMILATI
TITOLI;002;003;006;AZIONI E DIRITTI;DIRITTI ITALIA;SOTTOSCR.AZIONI PREF;EQY;AMM;AZIONI;AZIASSIM;TITOLI AZIONARI E ASSIMILATI
TITOLI;002;003;007;AZIONI E DIRITTI;DIRITTI ITALIA;ASSEGNAZ.AZIONI RISP;EQY;AMM;AZIONI;AZIASSIM;TITOLI AZIONARI E ASSIMILATI
TITOLI;002;003;008;AZIONI E DIRITTI;DIRITTI ITALIA;SOTTOSCR.AZIONI RISP;EQY;AMM;AZIONI;AZIASSIM;TITOLI AZIONARI E ASSIMILATI
TITOLI;002;003;009;AZIONI E DIRITTI;DIRITTI ITALIA;SOTTOSC.OBBLIGAZIONI;EQY;AMM;AZIONI;AZIASSIM;TITOLI AZIONARI E ASSIMILATI
TITOLI;002;003;010;AZIONI E DIRITTI;DIRITTI ITALIA;ASSEGNAZ. QUOTE SOC.;EQY;AMM;AZIONI;AZIASSIM;TITOLI AZIONARI E ASSIMILATI
TITOLI;002;003;011;AZIONI E DIRITTI;DIRITTI ITALIA;SOTTOSCRZ.QUOTE SOC.;EQY;AMM;AZIONI;AZIASSIM;TITOLI AZIONARI E ASSIMILATI
TITOLI;002;003;012;AZIONI E DIRITTI;DIRITTI ITALIA;ASSEGNAZ.PART.SOC.OR;EQY;AMM;AZIONI;AZIASSIM;TITOLI AZIONARI E ASSIMILATI
TITOLI;002;003;013;AZIONI E DIRITTI;DIRITTI ITALIA;ASSEGNAZ.PART.SOC.RI;EQY;AMM;AZIONI;AZIASSIM;TITOLI AZIONARI E ASSIMILATI
TITOLI;002;003;014;AZIONI E DIRITTI;DIRITTI ITALIA;ASSEG.AZ.BP O COOP.;EQY;AMM;AZIONI;AZIASSIM;TITOLI AZIONARI E ASSIMILATI
TITOLI;002;003;015;AZIONI E DIRITTI;DIRITTI ITALIA;SOTTOS.AZ.BP O COOP.;EQY;AMM;AZIONI;AZIASSIM;TITOLI AZIONARI E ASSIMILATI
TITOLI;002;004;001;AZIONI E DIRITTI;DIRITTI ESTERI;AZIONI;EQY;AMM;AZIONI;AZIASSIM;TITOLI AZIONARI E ASSIMILATI
TITOLI;002;004;002;AZIONI E DIRITTI;DIRITTI ESTERI;OBBLIGAZIONI;EQY;AMM;AZIONI;AZIASSIM;TITOLI AZIONARI E ASSIMILATI
TITOLI;003;001;001;WARRANTS;WARRANTS ITALIANI;ACQUISTO AZIONI ORD.;OPT;AMM;WARRANTS;AZIASSIM;TITOLI AZIONARI E ASSIMILATI
TITOLI;003;001;002;WARRANTS;WARRANTS ITALIANI;ACQUISTO AZIONI PRIV;OPT;AMM;WARRANTS;AZIASSIM;TITOLI AZIONARI E ASSIMILATI
TITOLI;003;001;003;WARRANTS;WARRANTS ITALIANI;ACQUISTO AZIONI PREF;OPT;AMM;WARRANTS;AZIASSIM;TITOLI AZIONARI E ASSIMILATI
TITOLI;003;001;004;WARRANTS;WARRANTS ITALIANI;ACQUISTO AZIONI RISP;OPT;AMM;WARRANTS;AZIASSIM;TITOLI AZIONARI E ASSIMILATI
TITOLI;003;001;005;WARRANTS;WARRANTS ITALIANI;ACQUISTO OBBLIGAZ.;OPT;AMM;WARRANTS;AZIASSIM;TITOLI AZIONARI E ASSIMILATI
TITOLI;003;001;008;WARRANT;WARRANTS ITALIANI;BUONI DI GODIMENTO;OPT;AMM;WARRANTS;AZIASSIM;TITOLI AZIONARI E ASSIMILATI
TITOLI;003;002;001;WARRANTS;WARRANTS ESTERI;ACQUISTO AZIONI ORD.;OPT;AMM;WARRANTS;AZIASSIM;TITOLI AZIONARI E ASSIMILATI
TITOLI;003;002;002;WARRANTS;WARRANTS ESTERI;ACQ.AZ.ORD.VOTO MULT;OPT;AMM;WARRANTS;AZIASSIM;TITOLI AZIONARI E ASSIMILATI
TITOLI;003;002;003;WARRANTS;WARRANTS ESTERI;ACQUISTO AZIONI PRIV;OPT;AMM;WARRANTS;AZIASSIM;TITOLI AZIONARI E ASSIMILATI
TITOLI;003;002;004;WARRANTS;WARRANTS ESTERI;ACQUISTO AZIONI PREF;OPT;AMM;WARRANTS;AZIASSIM;TITOLI AZIONARI E ASSIMILATI
TITOLI;003;002;005;WARRANTS;WARRANTS ESTERI;ACQUISTO AZIONI RISP;OPT;AMM;WARRANTS;AZIASSIM;TITOLI AZIONARI E ASSIMILATI
TITOLI;003;002;006;WARRANTS;WARRANTS ESTERI;ACQUISTO OBBLIGZIONI;OPT;AMM;WARRANTS;AZIASSIM;TITOLI AZIONARI E ASSIMILATI
TITOLI;003;002;008;WARRANT;WARRANTS ESTERI;BUONI DI GODIMENTO;OPT;AMM;WARRANTS;AZIASSIM;TITOLI AZIONARI E ASSIMILATI
TITOLI;003;002;009;WARRANTS;WARRANTS ESTERI;INDICI CON PREZZO %;OPT;AMM;WARRANTS;AZIASSIM;TITOLI AZIONARI E ASSIMILATI
TITOLI;003;011;001;WARRANTS;COVERED WARR. RES.;COV.WAR AZIONI RES.;OPT;AMM;WARRANTS;AZIASSIM;TITOLI AZIONARI E ASSIMILATI
TITOLI;003;011;002;WARRANTS;COVERED WARR. RES.;COV.WAR OBBL. RES.;OPT;AMM;WARRANTS;AZIASSIM;TITOLI AZIONARI E ASSIMILATI
TITOLI;003;011;003;WARRANTS;COVERED WARR. RES.;COV.WAR INDICI RES.;OPT;AMM;WARRANTS;AZIASSIM;TITOLI AZIONARI E ASSIMILATI
TITOLI;003;011;004;WARRANTS;COVERED WARR. RES.;COV.WAR DIVISE RES.;OPT;AMM;WARRANTS;AZIASSIM;TITOLI AZIONARI E ASSIMILATI
TITOLI;003;012;001;WARRANTS;COVERED WARR. NORES.;COV.WAR AZIONI NORES;OPT;AMM;WARRANTS;AZIASSIM;TITOLI AZIONARI E ASSIMILATI
TITOLI;003;012;002;WARRANTS;COVERED WARR. NORES.;COV.WAR OBBL. NORES.;OPT;AMM;WARRANTS;AZIASSIM;TITOLI AZIONARI E ASSIMILATI
TITOLI;003;012;003;WARRANTS;COVERED WARR. NORES.;COV.WAR INDICI NORES;OPT;AMM;WARRANTS;AZIASSIM;TITOLI AZIONARI E ASSIMILATI
TITOLI;003;012;004;WARRANTS;COVERED WARR. NORES.;COV.WAR DIVISE NORES;OPT;AMM;WARRANTS;AZIASSIM;TITOLI AZIONARI E ASSIMILATI
TITOLI;003;013;001;WARRANTS;COVERED WARR. SOVRAN;COV.WAR AZIONI SOVRA;OPT;AMM;WARRANTS;AZIASSIM;TITOLI AZIONARI E ASSIMILATI
TITOLI;003;013;002;WARRANTS;COVERED WARR. SOVRAN;COV.WAR OBBL. SOVRAN;OPT;AMM;WARRANTS;AZIASSIM;TITOLI AZIONARI E ASSIMILATI
TITOLI;003;013;003;WARRANTS;COVERED WARR. SOVRAN;COV.WAR INDICI SOVRA;OPT;AMM;WARRANTS;AZIASSIM;TITOLI AZIONARI E ASSIMILATI
TITOLI;003;013;004;WARRANTS;COVERED WARR. SOVRAN;COV.WAR DIVISE SOVRA;OPT;AMM;WARRANTS;AZIASSIM;TITOLI AZIONARI E ASSIMILATI
TITOLI;004;001;001;FONDI COMUNI;FONDI INVEST.ITALIA;MOBIL APERTI AZION.;FND;GES;FONDI COMUNI;FUNDOP;FONDI APERTI
TITOLI;004;001;002;FONDI COMUNI;FONDI INVEST.ITALIA;MOBIL APERTI BILANC.;FND;GES;FONDI COMUNI;FUNDOP;FONDI APERTI
TITOLI;004;001;003;FONDI COMUNI;FONDI INVEST.ITALIA;MOBIL APERTI OBBLIG.;FND;GES;FONDI COMUNI;FUNDOP;FONDI APERTI
TITOLI;004;001;004;FONDI COMUNI;FONDI INVEST.ITALIA;MOBIL APERTI MONET.;FND;GES;FONDI COMUNI;FUNDOP;FONDI APERTI
TITOLI;004;001;005;FONDI COMUNI;FONDI INVEST.ITALIA;MOBIL APERTI SPECIAL;FND;GES;FONDI COMUNI;FUNDOP;FONDI APERTI
TITOLI;004;001;006;FONDI COMUNI;FONDI INVEST.ITALIA;MOBIL CHIUSI AZION.;FND;GES;FONDI COMUNI;FUNDCLO;FONDI CHIUSI
TITOLI;004;001;007;FONDI COMUNI;FONDI INVEST.ITALIA;MOBIL CHIUSI BILANC.;FND;GES;FONDI COMUNI;FUNDCLO;FONDI CHIUSI
TITOLI;004;001;008;FONDI COMUNI;FONDI INVEST.ITALIA;MOBIL CHIUSI OBBLIG.;FND;GES;FONDI COMUNI;FUNDCLO;FONDI CHIUSI
TITOLI;004;001;009;FONDI COMUNI;FONDI INVEST.ITALIA;MOBIL CHIUSI MONET.;FND;GES;FONDI COMUNI;FUNDCLO;FONDI CHIUSI
TITOLI;004;001;010;FONDI COMUNI;FONDI INVEST.ITALIA;MOBIL CHIUSI SPECIAL;FND;GES;FONDI COMUNI;FUNDCLO;FONDI CHIUSI
TITOLI;004;001;011;FONDI COMUNI;FONDI INVEST.ITALIA;MOBIL SEMIAPERTI AZ.;FND;GES;FONDI COMUNI;FUNDOP;FONDI APERTI
TITOLI;004;001;012;FONDI COMUNI;FONDI INVEST.ITALIA;MOBIL SEMIAPERTI BIL;FND;GES;FONDI COMUNI;FUNDOP;FONDI APERTI
TITOLI;004;001;013;FONDI COMUNI;FONDI INVEST.ITALIA;MOBIL SEMIAPERTI OBB;FND;GES;FONDI COMUNI;FUNDOP;FONDI APERTI
TITOLI;004;001;014;FONDI COMUNI;FONDI INVEST.ITALIA;MOBIL SEMIAPERTI MON;FND;GES;FONDI COMUNI;FUNDOP;FONDI APERTI
TITOLI;004;001;015;FONDI COMUNI;FONDI INVEST.ITALIA;MOBIL SEMIAPERTI SPE;FND;GES;FONDI COMUNI;FUNDOP;FONDI APERTI
TITOLI;004;001;016;FONDI COMUNI;FONDI INVEST.ITALIA;IMMOBILIARI APERTI;FND;GES;FONDI COMUNI;FUNDOP;FONDI APERTI
TITOLI;004;001;017;FONDI COMUNI;FONDI INVEST.ITALIA;IMMOBILIARI CHIUSI;FND;GES;FONDI COMUNI;FUNDCLO;FONDI CHIUSI
TITOLI;004;001;018;FONDI COMUNI;FONDI INVEST.ITALIA;CERT. CUMULATIVO;FND;GES;FONDI COMUNI;;
TITOLI;004;001;019;FONDI COMUNI;FONDI INVEST.ITALIA;VITA;FND;GES;FONDI COMUNI;;
TITOLI;004;001;020;FONDI COMUNI;FONDI INVEST.ITALIA;PENSIONI;FND;GES;FONDI COMUNI;;
TITOLI;004;001;021;SICAV;ITALIANI;AZIONARI;FND;GES;SICAV;;
TITOLI;004;001;022;SICAV;ITALIANI;BIL.AZIONARI;FND;GES;SICAV;;
TITOLI;004;001;023;SICAV;ITALIANI;BIL.OBBLIGAZIONARI;FND;GES;SICAV;;
TITOLI;004;001;024;SICAV;ITALIANI;MISTI;FND;GES;SICAV;;
TITOLI;004;001;025;SICAV;ITALIANI;OBBL.BREVE TERMINE;FND;GES;SICAV;;
TITOLI;004;001;026;SICAV;ITALIANI;OBBL.LUNGO TERMINE;FND;GES;SICAV;;
TITOLI;004;001;027;SICAV;ITALIANI;FLESSIBILI;FND;GES;SICAV;;
TITOLI;004;001;028;SICAV;ITALIANI;ALTRI;FND;GES;SICAV;;
TITOLI;004;002;001;FONDI COMUNI;FONDI INVEST.ESTERI;MOBIL APERTI AZION.;FND;GES;FONDI COMUNI;FUNDOP;FONDI APERTI
TITOLI;004;002;002;FONDI COMUNI;FONDI INVEST.ESTERI;MOBIL APERTI BILANC.;FND;GES;FONDI COMUNI;FUNDOP;FONDI APERTI
TITOLI;004;002;003;FONDI COMUNI;FONDI INVEST.ESTERI;MOBIL APERTI OBBLIG.;FND;GES;FONDI COMUNI;FUNDOP;FONDI APERTI
TITOLI;004;002;004;FONDI COMUNI;FONDI INVEST.ESTERI;MOBIL APERTI MONETR.;FND;GES;FONDI COMUNI;FUNDOP;FONDI APERTI
TITOLI;004;002;005;FONDI COMUNI;FONDI INVEST.ESTERI;MOBIL APERTI SPECIAL;FND;GES;FONDI COMUNI;FUNDOP;FONDI APERTI
TITOLI;004;002;006;FONDI COMUNI;FONDI INVEST.ESTERI;MOBIL CHIUSI AZION.;FND;GES;FONDI COMUNI;FUNDCLO;FONDI CHIUSI
TITOLI;004;002;007;FONDI COMUNI;FONDI INVEST.ESTERI;MOBIL CHIUSI BILANC.;FND;GES;FONDI COMUNI;FUNDCLO;FONDI CHIUSI
TITOLI;004;002;008;FONDI COMUNI;FONDI INVEST.ESTERI;MOBIL CHIUSI OBBLIG.;FND;GES;FONDI COMUNI;FUNDCLO;FONDI CHIUSI
TITOLI;004;002;009;FONDI COMUNI;FONDI INVEST.ESTERI;MOBIL CHIUSI MONETR.;FND;GES;FONDI COMUNI;FUNDCLO;FONDI CHIUSI
TITOLI;004;002;010;FONDI COMUNI;FONDI INVEST.ESTERI;MOBIL CHIUSI SPECIAL;FND;GES;FONDI COMUNI;FUNDCLO;FONDI CHIUSI
TITOLI;004;002;011;FONDI COMUNI;FONDI INVEST.ESTERI;MOBIL SEMIAPERTI AZ.;FND;GES;FONDI COMUNI;FUNDOP;FONDI APERTI
TITOLI;004;002;012;FONDI COMUNI;FONDI INVEST.ESTERI;MOBIL SEMIAPERTI BIL;FND;GES;FONDI COMUNI;FUNDOP;FONDI APERTI
TITOLI;004;002;013;FONDI COMUNI;FONDI INVEST.ESTERI;MOBIL SEMIAPERTI OBB;FND;GES;FONDI COMUNI;FUNDOP;FONDI APERTI
TITOLI;004;002;014;FONDI COMUNI;FONDI INVEST.ESTERI;MOBIL SEMIAPERTI MON;FND;GES;FONDI COMUNI;FUNDOP;FONDI APERTI
TITOLI;004;002;015;FONDI COMUNI;FONDI INVEST.ESTERI;MOBIL SEMIAPERTI SPE;FND;GES;FONDI COMUNI;FUNDOP;FONDI APERTI
TITOLI;004;002;016;FONDI COMUNI;FONDI INVEST.ESTERI;IMMOBILIARI APERTI;FND;GES;FONDI COMUNI;FUNDOP;FONDI APERTI
TITOLI;004;002;017;FONDI COMUNI;FONDI INVEST.ESTERI;IMMOBILIARI CHIUSI;FND;GES;FONDI COMUNI;FUNDCLO;FONDI CHIUSI
TITOLI;004;002;018;FONDI COMUNI;FONDI INVEST.ESTERI;IMMOB.SEMIAPERTI;FND;GES;FONDI COMUNI;FUNDOP;FONDI APERTI
TITOLI;004;002;019;FONDI COMUNI;FONDI INVEST.ESTERI;VITA;FND;GES;FONDI COMUNI;;
TITOLI;004;002;020;FONDI COMUNI;FONDI INVEST.ESTERI;PENSIONI;FND;GES;FONDI COMUNI;;
TITOLI;004;002;021;SICAV;ESTERI;AZIONARI;FND;GES;SICAV;;
TITOLI;004;002;022;SICAV;ESTERI;;FND;GES;SICAV;;
TITOLI;004;002;023;SICAV;ESTERI;;FND;GES;SICAV;;
TITOLI;004;002;024;SICAV;ESTERI;BILANCIATI MISTI;FND;GES;SICAV;;
TITOLI;004;002;025;SICAV;ESTERI;MONETARI /OBBL.BREVE;FND;GES;SICAV;;
TITOLI;004;002;026;SICAV;ESTERI;OBBLIGAZ. LUNGO TERM;FND;GES;SICAV;;
TITOLI;004;002;028;SICAV;ESTERI;ALTRI /SPECIALIZZATI;FND;GES;SICAV;;
TITOLI;004;003;001;FONDI COMUNI;LUSSEMBURGHESI;LUSS.MOB.APERTI AZIO;FND;GES;FONDI COMUNI;FUNDOP;FONDI APERTI
TITOLI;004;003;002;FONDI COMUNI;LUSSEMBURGHESI;LUSS.MOB.APERTI BILA;FND;GES;FONDI COMUNI;FUNDOP;FONDI APERTI
TITOLI;004;003;003;FONDI COMUNI;LUSSEMBURGHESI;LUSS.MOB.APERTI OBBL;FND;GES;FONDI COMUNI;FUNDOP;FONDI APERTI
TITOLI;004;003;004;FONDI COMUNI;LUSSEMBURGHESI;LUSS.MOB.APERTI MONE;FND;GES;FONDI COMUNI;FUNDOP;FONDI APERTI
TITOLI;004;003;005;FONDI COMUNI;LUSSEMBURGHESI;LUSS.MOB.APERTI SPEC;FND;GES;FONDI COMUNI;FUNDOP;FONDI APERTI
TITOLI;004;003;006;FONDI COMUNI;LUSSEMBURGHESI;LUSS.MOB.CHIUSI AZIO;FND;GES;FONDI COMUNI;FUNDCLO;FONDI CHIUSI
TITOLI;004;003;007;FONDI COMUNI;LUSSEMBURGHESI;LUSS.MOV.CHIUSI BILA;FND;GES;FONDI COMUNI;FUNDCLO;FONDI CHIUSI
TITOLI;004;003;008;FONDI COMUNI;LUSSEMBURGHESI;LUSS.MOB.CHIUSI OBBL;FND;GES;FONDI COMUNI;FUNDCLO;FONDI CHIUSI
TITOLI;004;003;009;FONDI COMUNI;LUSSEMBURGHESI;LUSS.MOB.CHIUSI MONE;FND;GES;FONDI COMUNI;FUNDCLO;FONDI CHIUSI
TITOLI;004;003;010;FONDI COMUNI;LUSSEMBURGHESI;LUSS.MOB.CHIUSI SPEC;FND;GES;FONDI COMUNI;FUNDCLO;FONDI CHIUSI
TITOLI;004;003;011;FONDI COMUNI;LUSSEMBURGHESI;LUSS.MOV.SEMIAP.AZIO;FND;GES;FONDI COMUNI;FUNDOP;FONDI APERTI
TITOLI;004;003;012;FONDI COMUNI;LUSSEMBURGHESI;LUSS.MOB.SEMIAP.BILA;FND;GES;FONDI COMUNI;FUNDOP;FONDI APERTI
TITOLI;004;003;013;FONDI COMUNI;LUSSEMBURGHESI;LUSS.MOB.SEMIAP.OBBL;FND;GES;FONDI COMUNI;FUNDOP;FONDI APERTI
TITOLI;004;003;014;FONDI COMUNI;LUSSEMBURGHESI;LUSS.MOB.SEMIAP.MONE;FND;GES;FONDI COMUNI;FUNDOP;FONDI APERTI
TITOLI;004;003;015;FONDI COMUNI;LUSSEMBURGHESI;LUSS.MOB.SEMIAP.SPEC;FND;GES;FONDI COMUNI;FUNDOP;FONDI APERTI
TITOLI;004;003;016;FONDI COMUNI;LUSSEMBURGHESI;LUSS.IMMOB.APERTI;FND;GES;FONDI COMUNI;FUNDOP;FONDI APERTI
TITOLI;004;003;017;FONDI COMUNI;LUSSEMBURGHESI;LUSS.IMMOB.CHIUSI;FND;GES;FONDI COMUNI;FUNDCLO;FONDI CHIUSI
TITOLI;004;003;018;FONDI COMUNI;LUSSEMBURGHESI;LUSS.IMMOB.SEMIAPERT;FND;GES;FONDI COMUNI;FUNDOP;FONDI APERTI
TITOLI;004;003;019;FONDI COMUNI;LUSSEMBURGHESI;LUSS.VITA;FND;GES;FONDI COMUNI;;
TITOLI;004;003;020;FONDI COMUNI;LUSSEMBURGHESI;LUSS.PENSIONI;FND;GES;FONDI COMUNI;;
TITOLI;004;003;021;SICAV;LUSSEMBURGHESI;AZIONARI;FND;GES;SICAV;;
TITOLI;004;003;022;SICAV;LUSSEMBURGHESI;BIL.AZIONARI;FND;GES;SICAV;;
TITOLI;004;003;023;SICAV;LUSSEMBURGHESI;BIL.OBBLIGAZIONARI;FND;GES;SICAV;;
TITOLI;004;003;024;SICAV;LUSSEMBURGHESI;MISTI;FND;GES;SICAV;;
TITOLI;004;003;025;SICAV;LUSSEMBURGHESI;OBBL.BREVE TERMINE;FND;GES;SICAV;;
TITOLI;004;003;026;SICAV;LUSSEMBURGHESI;OBBL.LUNGO TERMINE;FND;GES;SICAV;;
TITOLI;004;003;027;SICAV;LUSSEMBURGHESI;FLESSIBILI;FND;GES;SICAV;;
TITOLI;004;003;028;SICAV;LUSSEMBURGHESI;ALTRI;FND;GES;SICAV;;
TITOLI;004;004;001;ETF - ITALIANI;EURO;INDICIZZATI;ETF;AMM;ETF;ETFALTR;ETF ALTRA TIPOLOGIA
TITOLI;004;004;002;ETF;ETF EURO   ITALIANI;INDIC.BILANCIATI;ETF;AMM;ETF;ETFAZI;ETF AZIONARI
TITOLI;004;004;003;ETF;ETF EURO   ITALIANI;INDIC.OBBLIGAZIONARI;ETF;AMM;ETF;ETFOBB;ETF OBBLIGAZIONARI
TITOLI;004;004;004;ETF;ETF EURO   ITALIANI;INDIC.MONETARI;ETF;AMM;ETF;ETFOBB;ETF OBBLIGAZIONARI
TITOLI;004;004;005;ETF;ETF EURO   ITALIANI;INDIC.SU MERCI;ETF;AMM;ETF;ETFALTR;ETF ALTRA TIPOLOGIA
TITOLI;004;004;006;ETF;ETF EURO   ITALIANI;INDIC.SU VALUTE;ETF;AMM;ETF;ETFALTR;ETF ALTRA TIPOLOGIA
TITOLI;004;004;007;ETF;ETF EURO   ITALIANI;INDIC.SU MERC.IMMOB.;ETF;AMM;ETF;ETFALTR;ETF ALTRA TIPOLOGIA
TITOLI;004;004;008;ETF;ETF EURO   ITALIANI;INDIC.SU DERIVATI;ETF;AMM;ETF;ETFAZI;ETF AZIONARI
TITOLI;004;004;009;ETF;ETF EURO   ITALIANI;INDIC.SU ALTRO;ETF;AMM;ETF;ETFALTR;ETF ALTRA TIPOLOGIA
TITOLI;004;005;001;ETF - ITALIANI;DIVISA;INDICIZZATI;ETF;AMM;ETF;ETFALTR;ETF ALTRA TIPOLOGIA
TITOLI;004;005;002;ETF;ETF DIVISA ITALIANI;INDIC.BILANCIATI;ETF;AMM;ETF;ETFAZI;ETF AZIONARI
TITOLI;004;005;003;ETF;ETF DIVISA ITALIANI;INDIC.OBBLIGAZIONARI;ETF;AMM;ETF;ETFOBB;ETF OBBLIGAZIONARI
TITOLI;004;005;004;ETF;ETF DIVISA ITALIANI;INDIC.MONETARI;ETF;AMM;ETF;ETFOBB;ETF OBBLIGAZIONARI
TITOLI;004;005;005;ETF;ETF DIVISA ITALIANI;INDIC.SU MERCI;ETF;AMM;ETF;ETFALTR;ETF ALTRA TIPOLOGIA
TITOLI;004;005;006;ETF;ETF DIVISA ITALIANI;INDIC.SU VALUTE;ETF;AMM;ETF;ETFALTR;ETF ALTRA TIPOLOGIA
TITOLI;004;005;007;ETF;ETF DIVISA ITALIANI;INDIC.SU MERC.IMMOB.;ETF;AMM;ETF;ETFALTR;ETF ALTRA TIPOLOGIA
TITOLI;004;005;008;ETF;ETF DIVISA ITALIANI;INDIC.SU DERIVATI;ETF;AMM;ETF;ETFAZI;ETF AZIONARI
TITOLI;004;005;009;ETF;ETF DIVISA ITALIANI;INDIC.SU ALTRO;ETF;AMM;ETF;ETFALTR;ETF ALTRA TIPOLOGIA
TITOLI;004;006;001;ETF - ARMONIZZATI;GRUPPO EURO;INDICIZZATI;ETF;AMM;ETF;ETFALTR;ETF ALTRA TIPOLOGIA
TITOLI;004;006;002;ETF;ETF EURO   ARMONIZZ.;INDIC.BILANCIATI;ETF;AMM;ETF;ETFAZI;ETF AZIONARI
TITOLI;004;006;003;ETF;ETF EURO   ARMONIZZ.;INDIC.OBBLIGAZIONARI;ETF;AMM;ETF;ETFOBB;ETF OBBLIGAZIONARI
TITOLI;004;006;004;ETF;ETF EURO   ARMONIZZ.;INDIC.MONETARI;ETF;AMM;ETF;ETFOBB;ETF OBBLIGAZIONARI
TITOLI;004;006;005;ETF;ETF EURO   ARMONIZZ.;INDIC.SU MERCI;ETF;AMM;ETF;ETFALTR;ETF ALTRA TIPOLOGIA
TITOLI;004;006;006;ETF;ETF EURO   ARMONIZZ.;INDIC.SU VALUTE;ETF;AMM;ETF;ETFALTR;ETF ALTRA TIPOLOGIA
TITOLI;004;006;007;ETF;ETF EURO   ARMONIZZ.;INDIC.SU MERC.IMMOB.;ETF;AMM;ETF;ETFALTR;ETF ALTRA TIPOLOGIA
TITOLI;004;006;008;ETF;ETF EURO   ARMONIZZ.;INDIC.SU DERIVATI;ETF;AMM;ETF;ETFAZI;ETF AZIONARI
TITOLI;004;006;009;ETF;ETF EURO   ARMONIZZ.;INDIC.SU ALTRO;ETF;AMM;ETF;ETFALTR;ETF ALTRA TIPOLOGIA
TITOLI;004;007;001;ETF - ARMONIZZATI;DIVISA;INDICIZZATI;ETF;AMM;ETF;ETFALTR;ETF ALTRA TIPOLOGIA
TITOLI;004;007;002;ETF;ETF DIVISA ARMONIZZ.;INDIC.BILANCIATI;ETF;AMM;ETF;ETFAZI;ETF AZIONARI
TITOLI;004;007;003;ETF;ETF DIVISA ARMONIZZ.;INDIC.OBBLIGAZIONARI;ETF;AMM;ETF;ETFOBB;ETF OBBLIGAZIONARI
TITOLI;004;007;004;ETF;ETF DIVISA ARMONIZZ.;INDIC.MONETARI;ETF;AMM;ETF;ETFOBB;ETF OBBLIGAZIONARI
TITOLI;004;007;005;ETF;ETF DIVISA ARMONIZZ.;INDIC.SU MERCI;ETF;AMM;ETF;ETFALTR;ETF ALTRA TIPOLOGIA
TITOLI;004;007;006;ETF;ETF DIVISA ARMONIZZ.;INDIC.SU VALUTE;ETF;AMM;ETF;ETFALTR;ETF ALTRA TIPOLOGIA
TITOLI;004;007;007;ETF;ETF DIVISA ARMONIZZ.;INDIC.SU MERC.IMMOB.;ETF;AMM;ETF;ETFALTR;ETF ALTRA TIPOLOGIA
TITOLI;004;007;008;ETF;ETF DIVISA ARMONIZZ.;INDIC.SU DERIVATI;ETF;AMM;ETF;ETFAZI;ETF AZIONARI
TITOLI;004;007;009;ETF;ETF DIVISA ARMONIZZ.;INDIC.SU ALTRO;ETF;AMM;ETF;ETFALTR;ETF ALTRA TIPOLOGIA
TITOLI;004;008;001;ETF -NON ARMONIZZATI;EURO;INDICIZZATI;ETF;AMM;ETF;ETFALTR;ETF ALTRA TIPOLOGIA
TITOLI;004;008;002;ETF;ETF EURO   NON ARMON;INDIC.BILANCIATI;ETF;AMM;ETF;ETFAZI;ETF AZIONARI
TITOLI;004;008;003;ETF;ETF EURO   NON ARMON;INDIC.OBBLIGAZIONARI;ETF;AMM;ETF;ETFOBB;ETF OBBLIGAZIONARI
TITOLI;004;008;004;ETF;ETF EURO   NON ARMON;INDIC.MONETARI;ETF;AMM;ETF;ETFOBB;ETF OBBLIGAZIONARI
TITOLI;004;008;005;ETF;ETF EURO   NON ARMON;INDIC.SU MERCI;ETF;AMM;ETF;ETFALTR;ETF ALTRA TIPOLOGIA
TITOLI;004;008;006;ETF;ETF EURO   NON ARMON;INDIC.SU VALUTE;ETF;AMM;ETF;ETFALTR;ETF ALTRA TIPOLOGIA
TITOLI;004;008;007;ETF;ETF EURO   NON ARMON;INDIC.SU MERC.IMMOB.;ETF;AMM;ETF;ETFALTR;ETF ALTRA TIPOLOGIA
TITOLI;004;008;008;ETF;ETF EURO   NON ARMON;INDIC.SU DERIVATI;ETF;AMM;ETF;ETFAZI;ETF AZIONARI
TITOLI;004;008;009;ETF;ETF EURO   NON ARMON;INDIC.SU ALTRO;ETF;AMM;ETF;ETFALTR;ETF ALTRA TIPOLOGIA
TITOLI;004;009;001;ETF -NON ARMONIZZATI;DIVISA;INDICIZZATI;ETF;AMM;ETF;ETFALTR;ETF ALTRA TIPOLOGIA
TITOLI;004;009;002;ETF;ETF DIVISA NON ARMON;INDIC.BILANCIATI;ETF;AMM;ETF;ETFAZI;ETF AZIONARI
TITOLI;004;009;003;ETF;ETF DIVISA NON ARMON;INDIC.OBBLIGAZIONARI;ETF;AMM;ETF;ETFOBB;ETF OBBLIGAZIONARI
TITOLI;004;009;004;ETF;ETF DIVISA NON ARMON;INDIC.MONETARI;ETF;AMM;ETF;ETFOBB;ETF OBBLIGAZIONARI
TITOLI;004;009;005;ETF;ETF DIVISA NON ARMON;INDIC.SU MERCI;ETF;AMM;ETF;ETFALTR;ETF ALTRA TIPOLOGIA
TITOLI;004;009;006;ETF;ETF DIVISA NON ARMON;INDIC.SU VALUTE;ETF;AMM;ETF;ETFALTR;ETF ALTRA TIPOLOGIA
TITOLI;004;009;007;ETF;ETF DIVISA NON ARMON;INDIC.SU MERC.IMMOB.;ETF;AMM;ETF;ETFALTR;ETF ALTRA TIPOLOGIA
TITOLI;004;009;008;ETF;ETF DIVISA NON ARMON;INDIC.SU DERIVATI;ETF;AMM;ETF;ETFAZI;ETF AZIONARI
TITOLI;004;009;009;ETF;ETF DIVISA NON ARMON;INDIC.SU ALTRO;ETF;AMM;ETF;ETFALTR;ETF ALTRA TIPOLOGIA
TITOLI;004;010;001;ETC;ETC EURO;SOFT COMMODITIES;ETF;AMM;ETC;ETC;ETC
TITOLI;004;010;002;ETC;ETC EURO;METALLI PREZIOSI;ETF;AMM;ETC;ETC;ETC
TITOLI;004;010;003;ETC;ETC EURO;METALLI INDUSTRIALI;ETF;AMM;ETC;ETC;ETC
TITOLI;004;010;004;ETC;ETC EURO;ENERGIA;ETF;AMM;ETC;ETC;ETC
TITOLI;004;010;005;ETC;ETC EURO;INDICI COMMODITIES;ETF;AMM;ETC;ETC;ETC
TITOLI;004;011;001;ETC;ETC DIVISA;SOFT COMMODITIES;ETF;AMM;ETC;ETC;ETC
TITOLI;004;011;002;ETC;ETC DIVISA;METALLI PREZIOSI;ETF;AMM;ETC;ETC;ETC
TITOLI;004;011;003;ETC;ETC DIVISA;METALLI INDUSTRIALI;ETF;AMM;ETC;ETC;ETC
TITOLI;004;011;004;ETC;ETC DIVISA;ENERGIA;ETF;AMM;ETC;ETC;ETC
TITOLI;004;011;005;ETC;ETC DIVISA;INDICI COMMODITIES;ETF;AMM;ETC;ETC;ETC
TITOLI;005;001;001;CARTA COMMERCIALE;C.COMMERC.ITALIA;GARANTITA;OTH;AMM;ALTRI STRUMENTI;;
TITOLI;005;001;002;CARTA COMMERCIALE;C.COMMERC.ITALIA;NON GARANTITA;OTH;AMM;ALTRI STRUMENTI;;
TITOLI;005;002;001;CARTA COMMERCIALE;C.COMMERC.ESTERA;GARANTITA;OTH;AMM;ALTRI STRUMENTI;;
TITOLI;005;002;002;CARTA COMMERCIALE;C.COMMERC.ESTERA;NON GARANTITA;OTH;AMM;ALTRI STRUMENTI;;
TITOLI;006;001;001;ACCETTAZ. BANCARIE;ACCETTAZ. BANCARIE;ACC.BANCARIE ITALIA;OTH;AMM;ALTRI STRUMENTI;;
TITOLI;006;001;002;ACCETTAZ. BANCARIE;ACCETTAZ. BANCARIE;ACC.BANCARIE ESTERE;OTH;AMM;ALTRI STRUMENTI;;
TITOLI;007;001;001;OPTIONS;CALL ITALIA;TITOLI;OPT;AMM;OPZIONI;;
TITOLI;007;001;002;OPTIONS;CALL ITALIA;FUTURES;OPT;AMM;OPZIONI;;
TITOLI;007;001;003;OPTIONS;CALL ITALIA;DIVISE;OPT;AMM;OPZIONI;;
TITOLI;007;001;004;OPTIONS;CALL ITALIA;INDICI;OPT;AMM;OPZIONI;;
TITOLI;007;001;005;OPTIONS;CALL ITALIA;TASSI;OPT;AMM;OPZIONI;;
TITOLI;007;002;001;OPTIONS;PUT  ITALIA;TITOLI;OPT;AMM;OPZIONI;;
TITOLI;007;002;002;OPTIONS;PUT  ITALIA;FUTURES;OPT;AMM;OPZIONI;;
TITOLI;007;002;003;OPTIONS;PUT ITALIA;DIVISE;OPT;AMM;OPZIONI;;
TITOLI;007;002;004;OPTIONS;PUT ITALIA;INDICI;OPT;AMM;OPZIONI;;
TITOLI;007;002;005;OPTIONS;PUT ITALIA;TASSI;OPT;AMM;OPZIONI;;
TITOLI;007;003;001;OPTIONS;CALL ESTERO;TITOLI;OPT;AMM;OPZIONI;;
TITOLI;007;003;002;OPTIONS;CALL ESTERO;FUTURES;OPT;AMM;OPZIONI;;
TITOLI;007;003;003;OPTIONS;CALL ESTERO;DIVISE;OPT;AMM;OPZIONI;;
TITOLI;007;003;004;OPTIONS;CALL ESTERO;INDICI;OPT;AMM;OPZIONI;;
TITOLI;007;003;005;OPTIONS;CALL ESTERO;TASSI;OPT;AMM;OPZIONI;;
TITOLI;007;004;001;OPTIONS;PUT ESTERO;TITOLI;OPT;AMM;OPZIONI;;
TITOLI;007;004;002;OPTIONS;PUT ESTERO;FUTURES;OPT;AMM;OPZIONI;;
TITOLI;007;004;003;OPTIONS;PUT ESTERO;DIVISE;OPT;AMM;OPZIONI;;
TITOLI;007;004;004;OPTIONS;PUT ESTERO;INDICI;OPT;AMM;OPZIONI;;
TITOLI;007;004;005;OPTIONS;PUT ESTERO;TASSI;OPT;AMM;OPZIONI;;
TITOLI;007;005;001;OPTIONS;COLLAR;COLLAR  AMERICA;OPT;AMM;OPZIONI;;
TITOLI;007;005;002;OPTIONS;COLLAR;COLLAR NON AMERICA;OPT;AMM;OPZIONI;;
TITOLI;008;001;001;FUTURES;ITALIA;TITOLI;OPT;AMM;FUTURE;;
TITOLI;008;001;002;FUTURES;ITALIA;INDICI;OPT;AMM;FUTURE;;
TITOLI;008;001;003;FUTURES;ITALIA;TASSI;OPT;AMM;FUTURE;;
TITOLI;008;001;004;FUTURES;ITALIA;DIVISE;OPT;AMM;FUTURE;;
TITOLI;008;001;005;FUTURES;ITALIA;MERCI;OPT;AMM;FUTURE;;
TITOLI;008;002;001;FUTURES;ESTERO;TITOLI;OPT;AMM;FUTURE;;
TITOLI;008;002;002;FUTURES;ESTERO;INDICI;OPT;AMM;FUTURE;;
TITOLI;008;002;003;FUTURES;ESTERO;TASSI;OPT;AMM;FUTURE;;
TITOLI;008;002;004;FUTURES;ESTERO;DIVISE;OPT;AMM;FUTURE;;
TITOLI;008;002;005;FUTURES;ESTERO;MERCI;OPT;AMM;FUTURE;;
TITOLI;009;001;001;MONETE E MEDAGLIE;MONETE;AUREE;OTH;AMM;ALTRI STRUMENTI;;
TITOLI;009;001;002;MONETE E MEDAGLIE;MONETE;ALTRI METALLI;OTH;AMM;ALTRI STRUMENTI;;
TITOLI;009;002;001;MONETE E MEDAGLIE;MEDAGLIE;MEDAGLIE;OTH;AMM;ALTRI STRUMENTI;;
TITOLI;010;001;001;MATERIE PRIME-MERCI;METALLI PREZIOSI;ORO;OTH;AMM;ALTRI STRUMENTI;;
TITOLI;010;001;002;MATERIE PRIME-MERCI;METALLI PREZIOSI;ARGENTO;OTH;AMM;ALTRI STRUMENTI;;
TITOLI;010;001;003;MATERIE PRIME-MERCI;METALLI PREZIOSI;LINGOTTI;OTH;AMM;ALTRI STRUMENTI;;
TITOLI;010;001;004;MATERIE PRIME-MERCI;METALLI PREZIOSI;PREZIOSI;OTH;AMM;ALTRI STRUMENTI;;
TITOLI;010;001;005;MATERIE PRIME-MERCI;METALLI PREZIOSI;ALTRI;OTH;AMM;ALTRI STRUMENTI;;
TITOLI;010;002;001;MATERIE PRIME-MERCI;BENI PREGIATI;BENI PREGIATI;OTH;AMM;ALTRI STRUMENTI;;
TITOLI;010;003;001;MATERIE PRIME-MERCI;SEMI OLEOSI E DERIV.;SEMI E FARINE;OTH;AMM;ALTRI STRUMENTI;;
TITOLI;010;003;002;MATERIE PRIME-MERCI;SEMI OLEOSI E DERIV.;OLII DI SEMI;OTH;AMM;ALTRI STRUMENTI;;
TITOLI;010;004;001;MATERIE PRIME-MERCI;COMBUSTIBILI;COMBUSTIBILI;OTH;AMM;ALTRI STRUMENTI;;
TITOLI;010;005;001;MATERIE PRIME-MERCI;CEREALI;CEREALI;OTH;AMM;ALTRI STRUMENTI;;
TITOLI;010;006;001;MATERIE PRIME-MERCI;COLONIALI;COLONIALI;OTH;AMM;ALTRI STRUMENTI;;
TITOLI;010;007;001;MATERIE PRIME-MERCI;CARNI;CARNI;OTH;AMM;ALTRI STRUMENTI;;
TITOLI;010;008;001;MATERIE PRIME-MERCI;PROD.VARI PER INDUS.;TESSILI;OTH;AMM;ALTRI STRUMENTI;;
TITOLI;010;008;002;MATERIE PRIME-MERCI;PROD.VARI PER INDUS.;ALIMENTARI E DERIV.;OTH;AMM;ALTRI STRUMENTI;;
TITOLI;010;008;003;MATERIE PRIME-MERCI;PROD.VARI PER INDUS.;ALTRI;OTH;AMM;ALTRI STRUMENTI;;
TITOLI;011;001;001;INDICI;INDICI DI BORSA;INDICI DI BORSA;IDX;AMM;INDICI;;
TITOLI;011;002;001;INDICI;INDICATORI MACROECON;INDICATORI DI PREZZO;IDX;AMM;INDICI;;
TITOLI;011;002;002;INDICI;INDICATORI MACROECON;INDICATORI DI PRODUZ;IDX;AMM;INDICI;;
TITOLI;011;002;003;INDICI;INDICATORI MACROECON;IND.INTERSCAMBIO COM;IDX;AMM;INDICI;;
TITOLI;011;002;004;INDICI;INDICATORI MACROECON;IND.INTERSCAMBIO FIN;IDX;AMM;INDICI;;
TITOLI;011;002;005;INDICI;INDICATORI MACROECON;INDIC.CONTAB.NAZION.;IDX;AMM;INDICI;;
TITOLI;011;002;006;INDICI;INDICATORI MACROECON;INDIC.CONGIUNTURALI;IDX;AMM;INDICI;;
TITOLI;011;003;001;INDICI;INDICI PERFORMANCES;INDICI PERFORMANCES;IDX;AMM;INDICI;;
TITOLI;011;015;001;VALORI BILDER (NEIN);ALTRI;ALTRI;OTH;AMM;ALTRI STRUMENTI;;
TITOLI;012;001;001;VALORI DIVERSI;BUONI POSTALI;BUONI POSTALI;OTH;AMM;ALTRI STRUMENTI;;
TITOLI;012;002;001;VALORI DIVERSI;BUONI PREMIO;BUONI PREMIO;OTH;AMM;ALTRI STRUMENTI;;
TITOLI;012;003;001;VALORI DIVERSI;CREDITI COMMERCIALI;CESSIONE DI CREDITI;OTH;AMM;ALTRI STRUMENTI;;
TITOLI;012;004;001;VALORI DIVERSI;EFFETTI;CAMBIALI;OTH;AMM;ALTRI STRUMENTI;;
TITOLI;012;004;002;VALORI DIVERSI;EFFETTI;CAMBIALI IPOTECARIE;OTH;AMM;ALTRI STRUMENTI;;
TITOLI;012;004;003;VALORI DIVERSI;EFFETTI;LETTERA CON V.C.D.;OTH;AMM;ALTRI STRUMENTI;;
TITOLI;012;004;004;VALORI DIVERSI;EFFETTI;LETTERA CON GARANZIA;OTH;AMM;ALTRI STRUMENTI;;
TITOLI;012;004;005;VALORI DIVERSI;EFFETTI;DIVERSI;OTH;AMM;ALTRI STRUMENTI;;
TITOLI;012;005;001;VALORI DIVERSI;FIDEIUSSIONI AVALLI;FIDEIUSSIONI;OTH;AMM;ALTRI STRUMENTI;;
TITOLI;012;005;003;VALORI DIVERSI;FIDEIUSSIONI AVALLI;AVALLI VCD SCONTATI;OTH;AMM;ALTRI STRUMENTI;;
TITOLI;012;005;004;VALORI DIVERSI;FIDEIUSSIONI AVALLI;AVALLI VCD SCON ARTG;OTH;AMM;ALTRI STRUMENTI;;
TITOLI;012;005;005;VALORI DIVERSI;FIDEIUSSIONI AVALLI;AVALLI VCD IPOT. AGR;OTH;AMM;ALTRI STRUMENTI;;
TITOLI;012;005;006;VALORI DIVERSI;FIDEIUSSIONI AVALLI;DELEGA PER RILASCIO;OTH;AMM;ALTRI STRUMENTI;;
TITOLI;012;006;001;VALORI DIVERSI;LETTERE DI CAMBIO;LETTERE DI CAMBIO;OTH;AMM;ALTRI STRUMENTI;;
TITOLI;012;007;001;VALORI DIVERSI;LIBR./CERTIF. LIRE;NS.ISTITUTO;OTH;AMM;ALTRI STRUMENTI;;
TITOLI;012;007;002;VALORI DIVERSI;LIBR./CERTIF. LIRE;MEDIOBANCA;OTH;AMM;ALTRI STRUMENTI;;
TITOLI;012;007;003;VALORI DIVERSI;LIBR./CERTIF. LIRE;EFIBANCA;OTH;AMM;ALTRI STRUMENTI;;
TITOLI;012;007;004;VALORI DIVERSI;LIBR./CERTIF. LIRE;INTERBANCA;OTH;AMM;ALTRI STRUMENTI;;
TITOLI;012;007;005;VALORI DIVERSI;LIBR./CERTIF. LIRE;POSTALI;OTH;AMM;ALTRI STRUMENTI;;
TITOLI;012;007;006;VALORI DIVERSI;LIBR./CERTIF. LIRE;ALTRI;OTH;AMM;ALTRI STRUMENTI;;
TITOLI;012;008;001;VALORI DIVERSI;LIBR./CERTIF. DIVISA;NS.ISTITUTO;OTH;AMM;ALTRI STRUMENTI;;
TITOLI;012;008;002;VALORI DIVERSI;LIBR./CERTIF. DIVISA;MEDIOBANCA;OTH;AMM;ALTRI STRUMENTI;;
TITOLI;012;008;003;VALORI DIVERSI;LIBR./CERTIF. DIVISA;EFIBANCA;OTH;AMM;ALTRI STRUMENTI;;
TITOLI;012;008;004;VALORI DIVERSI;LIBR./CERTIF. DIVISA;INTERBANCA;OTH;AMM;ALTRI STRUMENTI;;
TITOLI;012;008;005;VALORI DIVERSI;LIBR./CERTIF. DIVISA;POSTALI;OTH;AMM;ALTRI STRUMENTI;;
TITOLI;012;008;006;VALORI DIVERSI;LIBR./CERTIF. DIVISA;ALTRI;OTH;AMM;ALTRI STRUMENTI;;
TITOLI;012;009;001;VALORI DIVERSI;PARTE BENEFICIARIA;PARTE BENEFICIARIA;OTH;AMM;ALTRI STRUMENTI;;
TITOLI;012;009;002;VALORI DIVERSI;CERT.DEP. ISTITUTO;DIVISE OUT;CD;AMM;CERTIFICATI DI DEPOSITO;;
TITOLI;012;009;011;VALORI DIVERSI;CERT.DEP. ALTRI IST.;DIVISE EURO O LIRE;CD;AMM;CERTIFICATI DI DEPOSITO;;
TITOLI;012;009;012;VALORI DIVERSI;CERT.DEP. ALTRI IST.;DIVISE OUT;CD;AMM;CERTIFICATI DI DEPOSITO;;
TITOLI;012;010;001;VALORI DIVERSI;PEGNI;;;;;;
TITOLI;012;010;002;VALORI DIVERSI;PEGNI;;;;;;
TITOLI;012;010;003;VALORI DIVERSI;PEGNI;;;;;;
TITOLI;012;010;004;VALORI DIVERSI;PEGNI;;;;;;
TITOLI;012;010;005;VALORI DIVERSI;PEGNI;;;;;;
TITOLI;012;011;001;VALORI DIVERSI;PROMISSORY NOTES;PROMISSORY NOTES;OTH;AMM;ALTRI STRUMENTI;;
TITOLI;012;011;002;VALORI DIVERSI;PROMISSORY NOTES;POLIZZE VITA;OTH;AMM;ALTRI STRUMENTI;;
TITOLI;012;011;003;VALORI DIVERSI;PROMISSORY NOTES;POLIZZE FIDEIUSSORIE;OTH;AMM;ALTRI STRUMENTI;;
TITOLI;012;012;001;VALORI DIVERSI;CASSETTE DI SICUREZ.;CAS.SICUREZZA LOCATE;OTH;AMM;ALTRI STRUMENTI;;
TITOLI;012;012;002;VALORI DIVERSI;CASSETTE DI SICUREZ.;PIEGHI CHIUSI;OTH;AMM;ALTRI STRUMENTI;;
TITOLI;012;013;001;VALORI DIVERSI;CONTANTE;CONTANTE;OTH;AMM;ALTRI STRUMENTI;;
TITOLI;012;014;001;VALORI DIVERSI;MARCHE SEGNATASSE;MARCHE SEGNATASSE;OTH;AMM;ALTRI STRUMENTI;;
TITOLI;012;015;001;VALORI DIVERSI;ALTRI;ALTRI;OTH;AMM;ALTRI STRUMENTI;;
TITOLI;013;001;001;SWAP;ITALIA;SU TITOLI;OPT;AMM;SWAP;;
TITOLI;013;001;002;SWAP;ITALIA;SU INDICI;OPT;AMM;SWAP;;
TITOLI;013;001;003;SWAP;ITALIA;SU TASSI;OPT;AMM;SWAP;;
TITOLI;013;001;004;SWAP;ITALIA;SU DIVISE;OPT;AMM;SWAP;;
TITOLI;013;002;001;SWAP;ESTERI;SU TITOLI;OPT;AMM;SWAP;;
TITOLI;013;002;002;SWAP;ESTERI;SU INDICI;OPT;AMM;SWAP;;
TITOLI;013;002;003;SWAP;ESTERI;SU TASSI;OPT;AMM;SWAP;;
TITOLI;013;002;004;SWAP;ESTERI;SU DIVISE;OPT;AMM;SWAP;;
TITOLI;014;001;001;COVERED WARRANT;EMITTENTE ITALIANO;AZIONI;OPT;AMM;COVERED WARRANT;COWARR;COVERED WARRANTS
TITOLI;014;001;002;COVERED WARRANT;EMITTENTE ITALIANO;OBBLIGAZIONI;OPT;AMM;COVERED WARRANT;COWARR;COVERED WARRANTS
TITOLI;014;001;003;COVERED WARRANT;EMITTENTE ITALIANO;INDICI;OPT;AMM;COVERED WARRANT;COWARR;COVERED WARRANTS
TITOLI;014;001;004;COVERED WARRANT;EMITTENTE ITALIANO;DIVISE;OPT;AMM;COVERED WARRANT;COWARR;COVERED WARRANTS
TITOLI;014;001;005;COVERED WARRANT;EMITTENTE ITALIANO;MERCI;OPT;AMM;COVERED WARRANT;COWARR;COVERED WARRANTS
TITOLI;014;001;006;COVERED WARRANT;EMITTENTE ITALIANO;BENCHMARK;OPT;AMM;COVERED WARRANT;COWARR;COVERED WARRANTS
TITOLI;014;001;007;COVERED WARRANT;EMITTENTE ITALIANO;ALTRI;OPT;AMM;COVERED WARRANT;COWARR;COVERED WARRANTS
TITOLI;014;001;008;COVERED WARRANT;EMITTENTE ITALIANO;FUTURES;OPT;AMM;COVERED WARRANT;COWARR;COVERED WARRANTS
TITOLI;014;002;001;COVERED WARRANT;EMITTENTE ESTERO;AZIONI;OPT;AMM;COVERED WARRANT;COWARR;COVERED WARRANTS
TITOLI;014;002;002;COVERED WARRANT;EMITTENTE ESTERO;OBBLIGAZIONI;OPT;AMM;COVERED WARRANT;COWARR;COVERED WARRANTS
TITOLI;014;002;003;COVERED WARRANT;EMITTENTE ESTERO;INDICI;OPT;AMM;COVERED WARRANT;COWARR;COVERED WARRANTS
TITOLI;014;002;004;COVERED WARRANT;EMITTENTE ESTERO;DIVISE;OPT;AMM;COVERED WARRANT;COWARR;COVERED WARRANTS
TITOLI;014;002;005;COVERED WARRANT;EMITTENTE ESTERO;MERCI;OPT;AMM;COVERED WARRANT;COWARR;COVERED WARRANTS
TITOLI;014;002;006;COVERED WARRANT;EMITTENTE ESTERO;BENCHMARK;OPT;AMM;COVERED WARRANT;COWARR;COVERED WARRANTS
TITOLI;014;002;007;COVERED WARRANT;EMITTENTE ESTERO;ALTRI;OPT;AMM;COVERED WARRANT;COWARR;COVERED WARRANTS
TITOLI;014;002;008;COVERED WARRANT;EMITTENTE ESTERO;FUTURES;OPT;AMM;COVERED WARRANT;COWARR;COVERED WARRANTS
TITOLI;014;005;001;COVERED WARRANT;CERTIFICATES ITALIA;SU AZIONI;OPT;AMM;COVERED WARRANT;CERT;CERTIFICATES
TITOLI;014;005;002;COVERED WARRANT;CERTIFICATES ITALIA;SU OBBLIGAZIONI;OPT;AMM;COVERED WARRANT;CERT;CERTIFICATES
TITOLI;014;005;003;COVERED WARRANT;CERTIFICATES ITALIA;SU INDICI;OPT;AMM;COVERED WARRANT;CERT;CERTIFICATES
TITOLI;014;005;004;COVERED WARRANT;CERTIFICATES ITALIA;SU VALUTE;OPT;AMM;COVERED WARRANT;CERT;CERTIFICATES
TITOLI;014;005;005;COVERED WARRANT;CERTIFICATES ITALIA;SU MERCI;OPT;AMM;COVERED WARRANT;CERT;CERTIFICATES
TITOLI;014;005;006;COVERED WARRANT;CERTIFICATES ITALIA;SU BENCHMARK;OPT;AMM;COVERED WARRANT;CERT;CERTIFICATES
TITOLI;014;005;007;COVERED WARRANT;CERTIFICATES ITALIA;SU TASSI;OPT;AMM;COVERED WARRANT;CERT;CERTIFICATES
TITOLI;014;005;008;COVERED WARRANT;CERTIFICATES ITALIA;SU DERIVATI;OPT;AMM;COVERED WARRANT;CERT;CERTIFICATES
TITOLI;014;005;009;COVERED WARRANT;CERTIFICATES ITALIA;SU ALTRO;OPT;AMM;COVERED WARRANT;CERT;CERTIFICATES
TITOLI;014;006;001;COVERED WARRANT;CERTIF.ITA IN DIVISA;SU AZIONI;OPT;AMM;COVERED WARRANT;CERT;CERTIFICATES
TITOLI;014;006;002;COVERED WARRANT;CERTIF.ITA IN DIVISA;SU OBBLIGAZIONI;OPT;AMM;COVERED WARRANT;CERT;CERTIFICATES
TITOLI;014;006;003;COVERED WARRANT;CERTIF.ITA IN DIVISA;SU INDICI;OPT;AMM;COVERED WARRANT;CERT;CERTIFICATES
TITOLI;014;006;004;COVERED WARRANT;CERTIF.ITA IN DIVISA;SU VALUTE;OPT;AMM;COVERED WARRANT;CERT;CERTIFICATES
TITOLI;014;006;005;COVERED WARRANT;CERTIF.ITA IN DIVISA;SU MERCI;OPT;AMM;COVERED WARRANT;CERT;CERTIFICATES
TITOLI;014;006;006;COVERED WARRANT;CERTIF.ITA IN DIVISA;SU BENCHMARK;OPT;AMM;COVERED WARRANT;CERT;CERTIFICATES
TITOLI;014;006;007;COVERED WARRANT;CERTIF.ITA IN DIVISA;SU TASSI;OPT;AMM;COVERED WARRANT;CERT;CERTIFICATES
TITOLI;014;006;008;COVERED WARRANT;CERTIF.ITA IN DIVISA;SU DERIVATI;OPT;AMM;COVERED WARRANT;CERT;CERTIFICATES
TITOLI;014;006;009;COVERED WARRANT;CERTIF.ITA IN DIVISA;SU ALTRO;OPT;AMM;COVERED WARRANT;CERT;CERTIFICATES
TITOLI;014;007;001;COVERED WARRANT;CERTIFICATES ESTERI;SU AZIONI;OPT;AMM;COVERED WARRANT;CERT;CERTIFICATES
TITOLI;014;007;002;COVERED WARRANT;CERTIFICATES ESTERI;SU OBBLIGAZIONI;OPT;AMM;COVERED WARRANT;CERT;CERTIFICATES
TITOLI;014;007;003;COVERED WARRANT;CERTIFICATES ESTERI;SU INDICI;OPT;AMM;COVERED WARRANT;CERT;CERTIFICATES
TITOLI;014;007;004;COVERED WARRANT;CERTIFICATES ESTERI;SU VALUTE;OPT;AMM;COVERED WARRANT;CERT;CERTIFICATES
TITOLI;014;007;005;COVERED WARRANT;CERTIFICATES ESTERI;SU MERCI;OPT;AMM;COVERED WARRANT;CERT;CERTIFICATES
TITOLI;014;007;006;COVERED WARRANT;CERTIFICATES ESTERI;SU BENCHMARK;OPT;AMM;COVERED WARRANT;CERT;CERTIFICATES
TITOLI;014;007;007;COVERED WARRANT;CERTIFICATES ESTERI;SU TASSI;OPT;AMM;COVERED WARRANT;CERT;CERTIFICATES
TITOLI;014;007;008;COVERED WARRANT;CERTIFICATES ESTERI;SU DERIVATI;OPT;AMM;COVERED WARRANT;CERT;CERTIFICATES
TITOLI;014;007;009;COVERED WARRANT;CERTIFICATES ESTERI;SU ALTRO;OPT;AMM;COVERED WARRANT;CERT;CERTIFICATES
TITOLI;015;005;008;COVERED WARRANT;CERTIFICATES;SU DERIVATI;OPT;AMM;COVERED WARRANT;CERT;CERTIFICATES
TITOLI;100;001;001;TITOLI;TITOLI ITALIA;TIPO 1;EQY;AMM;AZIONI;AZIASSIM;TITOLI AZIONARI E ASSIMILATI
TITOLI;999;001;001;C1 NO AZIONI E FONDI;C1 NO AZIONI E FONDI;C1 NO AZIONI E FONDI;OTH;AMM;ALTRI STRUMENTI;;
TITOLI;999;999;999;OPERAZIONI FINANZ.;OPERAZIONI FINANZ.;OPERAZIONI FINANZ.;OTH;AMM;ALTRI STRUMENTI;;
BFP;*;*;*;*;*;*;BND;AMM;BUONI FRUTTIFERI POSTALI;BFP;
FONDI;*;*;*;*;*;*;FND;GES;FONDI COMUNI;FC;
FONDI ESTERNI;*;*;*;*;*;*;FND;GES;FONDI ESTERNI;;
CC;*;*;*;*;*;*;CSH;LIQ;CONTI CORRENTI;CC;
LIBRETTO;*;*;*;*;*;*;CSH;LIQ;LIBRETTI;LIB;
POLIZZE;*;*;*;*;*;*;PZ;ASS;POLIZZE RAMO I;PZV;
POLIZZE;*;*;*;*;*;*;PZ;ASS;POLIZZE UNIT LINKED;PZU;
POLIZZE;*;*;*;*;*;*;PZ;ASS;POLIZZE INDEX LINKED;PZI;
POLIZZE;*;*;*;*;*;*;PZ;ASS;POLIZZE MULTIRAMO;PZM;
